GEO.id,GEO.id2,GEO.display-label,HD01_VD01,HD02_VD01,HD01_VD02,HD02_VD02,HD01_VD03,HD02_VD03,HD01_VD04,HD02_VD04,HD01_VD05,HD02_VD05,HD01_VD06,HD02_VD06,HD01_VD07,HD02_VD07,HD01_VD08,HD02_VD08,HD01_VD09,HD02_VD09,HD01_VD10,HD02_VD10,HD01_VD11,HD02_VD11,HD01_VD12,HD02_VD12,HD01_VD13,HD02_VD13,HD01_VD14,HD02_VD14,HD01_VD15,HD02_VD15,HD01_VD16,HD02_VD16,HD01_VD17,HD02_VD17,HD01_VD18,HD02_VD18,HD01_VD19,HD02_VD19,HD01_VD20,HD02_VD20,HD01_VD21,HD02_VD21,HD01_VD22,HD02_VD22,HD01_VD23,HD02_VD23,HD01_VD24,HD02_VD24,HD01_VD25,HD02_VD25,HD01_VD26,HD02_VD26,HD01_VD27,HD02_VD27
Id,Id2,Geography,Estimate; Total:,Margin of Error; Total:,Estimate; Total: - Under 6 years:,Margin of Error; Total: - Under 6 years:,Estimate; Total: - Under 6 years: - Living with two parents:,Margin of Error; Total: - Under 6 years: - Living with two parents:,Estimate; Total: - Under 6 years: - Living with two parents: - Both parents in labor force,Margin of Error; Total: - Under 6 years: - Living with two parents: - Both parents in labor force,Estimate; Total: - Under 6 years: - Living with two parents: - Father only in labor force,Margin of Error; Total: - Under 6 years: - Living with two parents: - Father only in labor force,Estimate; Total: - Under 6 years: - Living with two parents: - Mother only in labor force,Margin of Error; Total: - Under 6 years: - Living with two parents: - Mother only in labor force,Estimate; Total: - Under 6 years: - Living with two parents: - Neither parent in labor force,Margin of Error; Total: - Under 6 years: - Living with two parents: - Neither parent in labor force,Estimate; Total: - Under 6 years: - Living with one parent:,Margin of Error; Total: - Under 6 years: - Living with one parent:,Estimate; Total: - Under 6 years: - Living with one parent: - Living with father:,Margin of Error; Total: - Under 6 years: - Living with one parent: - Living with father:,Estimate; Total: - Under 6 years: - Living with one parent: - Living with father: - In labor force,Margin of Error; Total: - Under 6 years: - Living with one parent: - Living with father: - In labor force,Estimate; Total: - Under 6 years: - Living with one parent: - Living with father: - Not in labor force,Margin of Error; Total: - Under 6 years: - Living with one parent: - Living with father: - Not in labor force,Estimate; Total: - Under 6 years: - Living with one parent: - Living with mother:,Margin of Error; Total: - Under 6 years: - Living with one parent: - Living with mother:,Estimate; Total: - Under 6 years: - Living with one parent: - Living with mother: - In labor force,Margin of Error; Total: - Under 6 years: - Living with one parent: - Living with mother: - In labor force,Estimate; Total: - Under 6 years: - Living with one parent: - Living with mother: - Not in labor force,Margin of Error; Total: - Under 6 years: - Living with one parent: - Living with mother: - Not in labor force,Estimate; Total: - 6 to 17 years:,Margin of Error; Total: - 6 to 17 years:,Estimate; Total: - 6 to 17 years: - Living with two parents:,Margin of Error; Total: - 6 to 17 years: - Living with two parents:,Estimate; Total: - 6 to 17 years: - Living with two parents: - Both parents in labor force,Margin of Error; Total: - 6 to 17 years: - Living with two parents: - Both parents in labor force,Estimate; Total: - 6 to 17 years: - Living with two parents: - Father only in labor force,Margin of Error; Total: - 6 to 17 years: - Living with two parents: - Father only in labor force,Estimate; Total: - 6 to 17 years: - Living with two parents: - Mother only in labor force,Margin of Error; Total: - 6 to 17 years: - Living with two parents: - Mother only in labor force,Estimate; Total: - 6 to 17 years: - Living with two parents: - Neither parent in labor force,Margin of Error; Total: - 6 to 17 years: - Living with two parents: - Neither parent in labor force,Estimate; Total: - 6 to 17 years: - Living with one parent:,Margin of Error; Total: - 6 to 17 years: - Living with one parent:,Estimate; Total: - 6 to 17 years: - Living with one parent: - Living with father:,Margin of Error; Total: - 6 to 17 years: - Living with one parent: - Living with father:,Estimate; Total: - 6 to 17 years: - Living with one parent: - Living with father: - In labor force,Margin of Error; Total: - 6 to 17 years: - Living with one parent: - Living with father: - In labor force,Estimate; Total: - 6 to 17 years: - Living with one parent: - Living with father: - Not in labor force,Margin of Error; Total: - 6 to 17 years: - Living with one parent: - Living with father: - Not in labor force,Estimate; Total: - 6 to 17 years: - Living with one parent: - Living with mother:,Margin of Error; Total: - 6 to 17 years: - Living with one parent: - Living with mother:,Estimate; Total: - 6 to 17 years: - Living with one parent: - Living with mother: - In labor force,Margin of Error; Total: - 6 to 17 years: - Living with one parent: - Living with mother: - In labor force,Estimate; Total: - 6 to 17 years: - Living with one parent: - Living with mother: - Not in labor force,Margin of Error; Total: - 6 to 17 years: - Living with one parent: - Living with mother: - Not in labor force
0400000US09,09,Connecticut,744560,1389,222908,1497,149615,1836,97954,2163,46586,1772,3733,484,1342,294,73293,1794,14756,1034,13275,896,1481,420,58537,1717,46135,1744,12402,1041,521652,1830,353003,3491,248098,3158,88503,2705,11925,1004,4477,658,168649,3646,32435,1722,29513,1639,2922,483,136214,3525,116587,3338,19627,1280
0600000US0900100000,0900100000,"County subdivisions not defined, Fairfield County, Connecticut",0,12,0,12,0,12,0,12,0,12,0,12,0,12,0,12,0,12,0,12,0,12,0,12,0,12,0,12,0,12,0,12,0,12,0,12,0,12,0,12,0,12,0,12,0,12,0,12,0,12,0,12,0,12
0600000US0900104720,0900104720,"Bethel town, Fairfield County, Connecticut",4097,256,1054,211,778,159,437,119,299,115,42,67,0,19,276,154,80,88,80,88,0,19,196,128,175,119,21,25,3043,292,2450,272,1653,244,791,213,6,10,0,19,593,169,35,40,35,40,0,19,558,167,449,136,109,91
0600000US0900108070,0900108070,"Bridgeport town, Fairfield County, Connecticut",33495,960,11985,693,5064,571,2983,428,1705,348,280,165,96,72,6921,596,1270,271,1224,264,46,43,5651,546,4493,483,1158,270,21510,876,9412,727,6570,684,2119,378,558,247,165,128,12098,772,1824,429,1648,420,176,124,10274,787,8963,736,1311,320
0600000US0900108980,0900108980,"Brookfield town, Fairfield County, Connecticut",4051,318,916,187,825,184,583,179,214,135,28,40,0,19,91,95,53,82,53,82,0,19,38,27,38,27,0,19,3135,280,2616,270,1916,309,514,195,150,97,36,34,519,208,106,92,106,92,0,19,413,198,400,203,13,20
0600000US0900118500,0900118500,"Danbury town, Fairfield County, Connecticut",16954,818,6174,627,3909,519,2692,411,1155,292,25,24,37,44,2265,460,646,292,642,292,4,7,1619,377,1376,350,243,187,10780,794,6973,690,5094,596,1739,394,84,65,56,64,3807,590,981,380,919,373,62,92,2826,463,2559,430,267,155
0600000US0900118850,0900118850,"Darien town, Fairfield County, Connecticut",7064,272,1909,246,1835,240,767,154,1046,242,22,37,0,22,74,52,0,22,0,22,0,22,74,52,74,52,0,22,5155,306,4645,316,2176,291,2291,274,76,52,102,97,510,198,176,100,157,99,19,30,334,155,240,119,94,79
0600000US0900123890,0900123890,"Easton town, Fairfield County, Connecticut",1745,180,362,110,268,102,120,68,148,84,0,17,0,17,94,60,33,41,33,41,0,17,61,46,42,36,19,31,1383,192,1189,167,814,157,363,146,0,17,12,19,194,110,90,61,90,61,0,17,104,94,80,86,24,36
0600000US0900126620,0900126620,"Fairfield town, Fairfield County, Connecticut",14714,338,4127,361,3763,342,2274,314,1445,266,44,52,0,28,364,127,78,48,78,48,0,28,286,122,188,105,98,64,10587,437,9191,468,5492,473,3466,407,149,64,84,73,1396,242,422,159,415,159,7,11,974,227,817,210,157,98
0600000US0900133620,0900133620,"Greenwich town, Fairfield County, Connecticut",15589,568,5349,412,4851,419,2142,360,2542,324,106,51,61,43,498,158,87,51,87,51,0,28,411,145,308,128,103,74,10240,491,8502,489,3310,451,4700,412,309,166,183,94,1738,284,439,141,425,144,14,16,1299,259,1024,216,275,133
0600000US0900148620,0900148620,"Monroe town, Fairfield County, Connecticut",4988,257,1075,269,942,271,707,240,200,137,35,59,0,19,133,106,54,82,54,82,0,19,79,79,33,36,46,71,3913,378,3136,365,2562,426,490,206,57,60,27,42,777,292,183,109,183,109,0,19,594,266,520,252,74,83
0600000US0900150580,0900150580,"New Canaan town, Fairfield County, Connecticut",6171,284,1484,273,1303,254,607,213,617,160,48,44,31,37,181,137,18,25,18,25,0,22,163,129,101,107,62,79,4687,341,4232,340,1594,304,2335,376,120,86,183,135,455,177,155,145,155,145,0,22,300,121,206,112,94,83
0600000US0900150860,0900150860,"New Fairfield town, Fairfield County, Connecticut",3245,150,755,158,616,134,390,124,226,90,0,19,0,19,139,98,12,19,12,19,0,19,127,97,127,97,0,19,2490,188,2083,225,1242,243,672,211,29,27,140,175,407,173,149,114,139,114,10,16,258,132,251,132,7,10
0600000US0900152980,0900152980,"Newtown town, Fairfield County, Connecticut",6972,285,1392,211,1254,204,731,169,500,118,23,26,0,22,138,85,7,12,7,12,0,22,131,79,115,78,16,25,5580,339,4567,329,2986,395,1417,283,123,75,41,42,1013,245,269,172,250,170,19,22,744,171,609,141,135,115
0600000US0900156060,0900156060,"Norwalk town, Fairfield County, Connecticut",17417,737,5969,516,4589,452,2853,348,1581,388,155,113,0,28,1380,372,120,78,120,78,0,28,1260,363,1086,349,174,116,11448,638,7405,612,4983,532,2173,478,178,99,71,71,4043,573,624,216,550,208,74,57,3419,548,3094,540,325,147
0600000US0900163480,0900163480,"Redding town, Fairfield County, Connecticut",2114,182,594,155,552,150,348,152,138,74,57,70,9,14,42,51,0,17,0,17,0,17,42,51,42,51,0,17,1520,156,1363,163,808,173,491,134,48,38,16,25,157,90,27,42,27,42,0,17,130,80,96,56,34,50
0600000US0900163970,0900163970,"Ridgefield town, Fairfield County, Connecticut",7303,316,1381,234,1248,239,600,196,626,160,0,22,22,33,133,95,54,51,45,45,9,14,79,76,79,76,0,22,5922,365,5043,399,2623,356,2129,314,205,116,86,103,879,252,305,180,297,179,8,12,574,173,502,171,72,58
0600000US0900168170,0900168170,"Shelton town, Fairfield County, Connecticut",7465,342,1744,273,1301,229,841,207,442,145,18,30,0,25,443,177,107,64,84,54,23,35,336,170,248,166,88,84,5721,414,4301,414,2988,416,1190,251,70,68,53,60,1420,283,366,164,305,148,61,60,1054,261,928,254,126,88
0600000US0900168310,0900168310,"Sherman town, Fairfield County, Connecticut",735,93,130,71,130,71,59,43,71,64,0,12,0,12,0,12,0,12,0,12,0,12,0,12,0,12,0,12,605,91,538,97,459,104,69,53,10,14,0,12,67,55,0,12,0,12,0,12,67,55,67,55,0,12
0600000US0900173070,0900173070,"Stamford town, Fairfield County, Connecticut",26128,951,9302,825,7063,728,4598,609,2369,447,96,81,0,28,2239,403,602,188,585,186,17,19,1637,390,1401,345,236,179,16826,840,11515,706,7967,632,3246,542,288,213,14,23,5311,708,992,347,983,347,9,14,4319,594,3878,599,441,172
0600000US0900174190,0900174190,"Stratford town, Fairfield County, Connecticut",9378,464,2469,321,1730,282,1339,244,330,143,31,36,30,45,739,181,192,115,144,101,48,52,547,165,418,152,129,91,6909,461,4542,449,3389,402,896,251,185,138,72,99,2367,401,517,141,434,129,83,63,1850,400,1673,381,177,94
0600000US0900177200,0900177200,"Trumbull town, Fairfield County, Connecticut",8910,351,2277,290,1920,273,1391,254,529,196,0,25,0,25,357,134,63,42,63,42,0,25,294,131,280,131,14,25,6633,355,5642,459,4196,469,1333,300,113,96,0,25,991,253,337,193,279,170,58,85,654,204,616,196,38,43
0600000US0900183430,0900183430,"Weston town, Fairfield County, Connecticut",3228,177,696,157,663,158,469,160,194,102,0,19,0,19,33,28,0,19,0,19,0,19,33,28,21,21,12,19,2532,189,2316,201,1365,176,862,202,79,72,10,15,216,103,41,39,41,39,0,19,175,88,130,76,45,46
0600000US0900183500,0900183500,"Westport town, Fairfield County, Connecticut",7698,313,1971,308,1737,303,808,215,901,223,0,22,28,31,234,115,13,18,13,18,0,22,221,112,174,100,47,54,5727,312,4786,368,1902,285,2574,366,230,113,80,67,941,229,248,134,224,130,24,29,693,218,613,210,80,65
0600000US0900186370,0900186370,"Wilton town, Fairfield County, Connecticut",5575,268,1270,234,1202,230,633,156,545,175,24,37,0,19,68,55,23,21,9,11,14,19,45,51,45,51,0,19,4305,266,3866,299,2165,324,1572,266,81,59,48,43,439,125,156,71,143,70,13,13,283,116,247,117,36,36
0600000US0900302060,0900302060,"Avon town, Hartford County, Connecticut",4314,216,1172,262,1093,266,517,193,509,242,67,93,0,19,79,60,12,18,12,18,0,19,67,58,67,58,0,19,3142,263,2807,269,1647,279,1041,238,56,57,63,72,335,142,70,90,70,90,0,19,265,108,222,100,43,41
0600000US0900304300,0900304300,"Berlin town, Hartford County, Connecticut",4248,270,992,211,916,215,748,209,168,126,0,22,0,22,76,67,0,22,0,22,0,22,76,67,41,44,35,52,3256,295,2414,308,1860,314,453,243,101,87,0,22,842,305,196,127,196,127,0,22,646,277,576,265,70,103
0600000US0900305910,0900305910,"Bloomfield town, Hartford County, Connecticut",2577,266,1054,301,681,227,556,238,86,69,0,22,39,62,373,170,61,65,61,65,0,22,312,166,312,166,0,22,1523,246,827,186,636,181,99,93,75,69,17,28,696,199,301,175,257,153,44,73,395,144,395,144,0,22
0600000US0900308490,0900308490,"Bristol town, Hartford County, Connecticut",11579,558,3046,415,1962,350,1562,286,278,199,87,71,35,52,1084,270,336,192,336,192,0,28,748,206,563,173,185,94,8533,543,5777,515,4622,509,697,266,202,131,256,174,2756,458,486,226,362,160,124,149,2270,423,1990,411,280,161
0600000US0900310100,0900310100,"Burlington town, Hartford County, Connecticut",2280,129,480,101,448,103,332,84,101,59,15,25,0,17,32,28,11,18,11,18,0,17,21,22,0,17,21,22,1800,162,1452,159,991,187,341,164,105,109,15,26,348,149,102,79,88,78,14,20,246,117,246,117,0,17
0600000US0900312270,0900312270,"Canton town, Hartford County, Connecticut",2206,185,608,139,503,131,404,136,91,88,8,13,0,19,105,69,52,55,52,55,0,19,53,38,31,31,22,34,1598,214,1261,229,841,230,360,162,60,75,0,19,337,197,156,129,156,129,0,19,181,146,181,146,0,19
0600000US0900322070,0900322070,"East Granby town, Hartford County, Connecticut",1275,109,328,121,252,92,171,83,81,58,0,17,0,17,76,87,0,17,0,17,0,17,76,87,76,87,0,17,947,154,761,153,616,181,145,96,0,17,0,17,186,123,135,117,135,117,0,17,51,49,51,49,0,17
0600000US0900322630,0900322630,"East Hartford town, Hartford County, Connecticut",10510,616,3341,446,1415,266,924,234,457,161,34,24,0,28,1926,424,317,154,238,131,79,102,1609,341,1442,359,167,126,7169,499,3422,536,2584,426,672,288,118,84,48,90,3747,515,367,177,357,175,10,22,3380,491,2976,487,404,219
0600000US0900324800,0900324800,"East Windsor town, Hartford County, Connecticut",2004,467,690,278,383,142,258,138,125,85,0,19,0,19,307,265,0,19,0,19,0,19,307,265,307,265,0,19,1314,309,722,235,703,238,0,19,19,30,0,19,592,305,14,22,14,22,0,19,578,303,578,303,0,19
0600000US0900325990,0900325990,"Enfield town, Hartford County, Connecticut",7847,424,2311,255,1747,256,1233,254,450,138,44,43,20,27,564,189,224,121,196,111,28,42,340,139,297,130,43,36,5536,470,3399,389,2794,380,495,177,75,54,35,33,2137,397,468,238,468,238,0,25,1669,354,1624,356,45,34
0600000US0900327600,0900327600,"Farmington town, Hartford County, Connecticut",5256,279,1295,237,1096,229,539,146,519,179,38,33,0,22,199,92,32,31,32,31,0,22,167,87,139,85,28,26,3961,259,3336,234,2270,294,931,229,119,96,16,18,625,166,76,42,76,42,0,22,549,165,495,164,54,42
0600000US0900331240,0900331240,"Glastonbury town, Hartford County, Connecticut",8232,293,1714,235,1444,232,1023,222,381,131,40,43,0,25,270,124,61,67,61,67,0,25,209,109,187,101,22,34,6518,292,5240,297,3739,361,1274,250,209,106,18,29,1278,281,412,178,412,178,0,25,866,242,827,239,39,44
0600000US0900332640,0900332640,"Granby town, Hartford County, Connecticut",2551,161,627,180,558,189,337,146,221,165,0,19,0,19,69,43,27,33,27,33,0,19,42,35,17,21,25,29,1924,169,1755,182,1260,264,466,204,29,38,0,19,169,101,35,38,17,28,18,27,134,92,134,92,0,19
0600000US0900337070,0900337070,"Hartford town, Hartford County, Connecticut",28832,977,9935,545,2445,382,1373,264,916,274,116,88,40,42,7490,531,1014,298,909,286,105,73,6476,504,5028,444,1448,293,18897,776,5143,611,3455,526,1093,311,521,237,74,54,13754,803,1640,393,1263,338,377,160,12114,773,9705,777,2409,435
0600000US0900337140,0900337140,"Hartland town, Hartford County, Connecticut",401,59,103,32,77,27,39,20,35,22,0,12,3,5,26,19,9,13,9,13,0,12,17,13,11,11,6,7,298,54,233,51,157,42,65,40,0,12,11,11,65,41,3,5,3,5,0,12,62,40,62,40,0,12
0600000US0900344700,0900344700,"Manchester town, Hartford County, Connecticut",12568,661,4962,489,2967,358,1663,255,1191,280,113,109,0,28,1995,372,329,151,277,146,52,47,1666,368,1308,286,358,327,7606,602,4450,506,3248,470,997,284,123,138,82,121,3156,428,150,90,134,87,16,27,3006,413,2604,382,402,205
0600000US0900345820,0900345820,"Marlborough town, Hartford County, Connecticut",1446,164,389,174,332,171,229,155,80,63,23,34,0,17,57,46,21,36,21,36,0,17,36,33,36,33,0,17,1057,194,860,201,714,213,40,42,106,117,0,17,197,119,107,89,107,89,0,17,90,85,90,85,0,17
0600000US0900350440,0900350440,"New Britain town, Hartford County, Connecticut",15887,783,5161,432,1981,306,1291,253,573,184,65,54,52,44,3180,372,478,168,446,171,32,32,2702,357,1870,299,832,243,10726,744,4445,597,3216,453,1002,371,167,117,60,75,6281,773,760,230,686,231,74,53,5521,690,3976,606,1545,386
0600000US0900352140,0900352140,"Newington town, Hartford County, Connecticut",5535,304,1702,281,1364,247,1127,237,164,85,41,33,32,41,338,151,22,23,22,23,0,25,316,145,258,145,58,52,3833,373,2929,379,2397,361,338,157,180,88,14,25,904,203,182,92,182,92,0,25,722,198,672,176,50,54
0600000US0900360120,0900360120,"Plainville town, Hartford County, Connecticut",3448,264,1308,303,915,264,560,193,326,221,10,17,19,30,393,161,0,19,0,19,0,19,393,161,369,156,24,37,2140,345,1262,227,952,213,145,84,98,81,67,102,878,347,207,172,91,65,116,154,671,328,647,328,24,34
0600000US0900365370,0900365370,"Rocky Hill town, Hartford County, Connecticut",3475,298,1327,292,1004,279,665,208,339,186,0,19,0,19,323,185,53,46,53,46,0,19,270,177,235,170,35,56,2148,340,1320,258,1022,240,219,113,79,93,0,19,828,347,50,68,50,68,0,19,778,341,778,341,0,19
0600000US0900368940,0900368940,"Simsbury town, Hartford County, Connecticut",5802,266,1162,229,1122,235,710,174,405,165,7,12,0,22,40,32,18,19,18,19,0,22,22,24,7,11,15,22,4640,290,4067,300,2677,286,1284,286,84,57,22,36,573,187,248,107,248,107,0,22,325,169,313,168,12,20
0600000US0900370550,0900370550,"Southington town, Hartford County, Connecticut",9007,344,2666,373,2246,349,1682,341,534,191,30,35,0,25,420,186,90,64,90,64,0,25,330,176,297,170,33,49,6341,439,5001,463,3832,402,1053,325,97,65,19,20,1340,305,385,162,371,160,14,19,955,273,891,257,64,63
0600000US0900371390,0900371390,"South Windsor town, Hartford County, Connecticut",5536,235,1400,210,1339,211,838,176,501,150,0,22,0,22,61,49,27,42,27,42,0,22,34,26,34,26,0,22,4136,289,3429,303,2533,277,883,199,0,22,13,19,707,203,129,82,129,82,0,22,578,213,566,210,12,18
0600000US0900374540,0900374540,"Suffield town, Hartford County, Connecticut",2940,188,703,181,582,198,380,136,176,155,26,30,0,19,121,110,0,19,0,19,0,19,121,110,121,110,0,19,2237,221,1624,282,1127,252,458,168,39,29,0,19,613,262,111,112,111,112,0,19,502,255,480,261,22,34
0600000US0900382590,0900382590,"West Hartford town, Hartford County, Connecticut",13841,506,3593,345,3142,336,2232,260,836,209,74,63,0,28,451,162,77,74,37,35,40,60,374,147,326,140,48,54,10248,477,7746,450,5553,426,1973,363,207,99,13,15,2502,385,632,231,624,228,8,14,1870,344,1668,335,202,165
0600000US0900384900,0900384900,"Wethersfield town, Hartford County, Connecticut",5033,234,1632,213,1447,218,1276,222,150,83,21,24,0,22,185,105,35,39,35,39,0,22,150,95,137,91,13,22,3401,279,2428,277,1758,282,611,184,53,40,6,9,973,221,156,90,156,90,0,22,817,219,776,217,41,47
0600000US0900387000,0900387000,"Windsor town, Hartford County, Connecticut",5725,322,1705,252,1326,272,925,265,385,153,16,25,0,22,379,172,73,74,56,65,17,27,306,145,271,140,35,35,4020,303,2567,374,1972,298,516,259,70,60,9,14,1453,351,371,192,371,192,0,22,1082,284,1025,270,57,59
0600000US0900387070,0900387070,"Windsor Locks town, Hartford County, Connecticut",2111,139,722,207,573,197,349,164,187,110,37,38,0,19,149,94,36,43,36,43,0,19,113,90,113,90,0,19,1389,194,1111,183,729,198,299,181,83,77,0,19,278,108,77,60,67,58,10,16,201,101,129,77,72,72
0600000US0900502760,0900502760,"Barkhamsted town, Litchfield County, Connecticut",808,143,138,84,109,71,44,39,65,62,0,12,0,12,29,43,0,12,0,12,0,12,29,43,29,43,0,12,670,134,550,138,428,141,111,82,0,12,11,18,120,70,85,60,85,60,0,12,35,36,35,36,0,12
0600000US0900504930,0900504930,"Bethlehem town, Litchfield County, Connecticut",697,94,139,66,71,53,47,40,24,37,0,12,0,12,68,57,28,40,28,40,0,12,40,40,40,40,0,12,558,95,463,111,336,118,96,83,31,40,0,12,95,57,41,37,41,37,0,12,54,42,38,34,16,25
0600000US0900508210,0900508210,"Bridgewater town, Litchfield County, Connecticut",215,43,31,17,31,17,20,15,11,9,0,12,0,12,0,12,0,12,0,12,0,12,0,12,0,12,0,12,184,42,145,30,99,34,46,22,0,12,0,12,39,39,0,12,0,12,0,12,39,39,39,39,0,12
0600000US0900510940,0900510940,"Canaan town, Litchfield County, Connecticut",182,55,59,30,48,29,37,28,11,9,0,12,0,12,11,11,4,7,4,7,0,12,7,8,7,8,0,12,123,47,110,46,85,42,17,15,8,11,0,12,13,11,10,9,10,9,0,12,3,5,3,5,0,12
0600000US0900516050,0900516050,"Colebrook town, Litchfield County, Connecticut",262,65,66,28,61,27,49,25,12,17,0,12,0,12,5,8,5,8,5,8,0,12,0,12,0,12,0,12,196,54,167,55,150,55,17,18,0,12,0,12,29,26,6,8,6,8,0,12,23,26,4,6,19,25
0600000US0900517240,0900517240,"Cornwall town, Litchfield County, Connecticut",265,83,34,19,31,19,21,15,10,13,0,12,0,12,3,5,3,5,3,5,0,12,0,12,0,12,0,12,231,78,182,61,132,60,39,26,4,7,7,7,49,37,13,13,13,13,0,12,36,36,32,36,4,5
0600000US0900532290,0900532290,"Goshen town, Litchfield County, Connecticut",473,93,107,48,107,48,84,52,23,24,0,12,0,12,0,12,0,12,0,12,0,12,0,12,0,12,0,12,366,102,366,102,279,93,87,99,0,12,0,12,0,12,0,12,0,12,0,12,0,12,0,12,0,12
0600000US0900537280,0900537280,"Harwinton town, Litchfield County, Connecticut",1103,153,179,87,171,87,54,42,117,74,0,17,0,17,8,13,0,17,0,17,0,17,8,13,8,13,0,17,924,144,833,147,662,166,171,119,0,17,0,17,91,51,54,51,54,51,0,17,37,27,21,20,16,18
0600000US0900540290,0900540290,"Kent town, Litchfield County, Connecticut",539,139,199,119,183,118,127,112,56,69,0,12,0,12,16,21,10,17,10,17,0,12,6,12,6,12,0,12,340,119,308,119,201,126,107,52,0,12,0,12,32,32,9,14,9,14,0,12,23,29,23,29,0,12
0600000US0900543370,0900543370,"Litchfield town, Litchfield County, Connecticut",1542,182,405,106,350,99,260,78,52,43,38,58,0,17,55,37,21,25,21,25,0,17,34,30,34,30,0,17,1137,166,898,167,670,169,210,98,18,27,0,17,239,137,137,119,137,119,0,17,102,72,87,67,15,21
0600000US0900549460,0900549460,"Morris town, Litchfield County, Connecticut",433,66,138,65,120,65,61,33,59,61,0,12,0,12,18,17,14,16,14,16,0,12,4,7,4,7,0,12,295,60,279,60,206,56,64,35,9,9,0,12,16,10,3,5,3,5,0,12,13,9,13,9,0,12
0600000US0900551350,0900551350,"New Hartford town, Litchfield County, Connecticut",1711,237,293,150,208,120,132,86,26,42,50,77,0,17,85,83,0,17,0,17,0,17,85,83,85,83,0,17,1418,254,1271,259,925,255,229,234,117,145,0,17,147,89,87,73,87,73,0,17,60,57,60,57,0,17
0600000US0900552630,0900552630,"New Milford town, Litchfield County, Connecticut",5429,279,1197,200,965,179,693,174,258,103,14,23,0,22,232,133,20,29,20,29,0,22,212,126,212,126,0,22,4232,294,3526,311,2793,319,718,226,15,19,0,22,706,230,161,118,132,113,29,33,545,199,508,190,37,31
0600000US0900553470,0900553470,"Norfolk town, Litchfield County, Connecticut",238,69,38,25,8,8,5,7,0,12,3,5,0,12,30,25,0,12,0,12,0,12,30,25,27,25,3,4,200,62,163,62,100,58,59,36,4,6,0,12,37,28,3,4,3,4,0,12,34,28,34,28,0,12
0600000US0900554030,0900554030,"North Canaan town, Litchfield County, Connecticut",589,85,192,73,129,61,83,43,31,50,15,22,0,12,63,44,30,36,30,36,0,12,33,31,33,31,0,12,397,88,250,73,152,61,68,74,30,41,0,12,147,75,55,52,55,52,0,12,92,62,92,62,0,12
0600000US0900560750,0900560750,"Plymouth town, Litchfield County, Connecticut",2248,188,821,218,603,182,446,172,150,75,7,11,0,19,218,129,84,91,84,91,0,19,134,88,134,88,0,19,1427,163,1030,146,690,169,332,151,8,11,0,19,397,151,49,41,39,38,10,16,348,146,337,142,11,20
0600000US0900565930,0900565930,"Roxbury town, Litchfield County, Connecticut",412,74,57,35,57,35,41,30,16,16,0,12,0,12,0,12,0,12,0,12,0,12,0,12,0,12,0,12,355,68,355,68,223,69,112,47,20,30,0,12,0,12,0,12,0,12,0,12,0,12,0,12,0,12
0600000US0900566420,0900566420,"Salisbury town, Litchfield County, Connecticut",533,142,141,91,101,85,92,83,9,15,0,12,0,12,40,36,13,19,13,19,0,12,27,31,11,17,16,27,392,122,315,113,210,100,96,61,0,12,9,15,77,57,23,24,23,24,0,12,54,53,54,53,0,12
0600000US0900567960,0900567960,"Sharon town, Litchfield County, Connecticut",235,126,58,44,58,44,40,36,18,24,0,12,0,12,0,12,0,12,0,12,0,12,0,12,0,12,0,12,177,115,97,73,90,65,7,24,0,12,0,12,80,90,53,81,53,81,0,12,27,43,27,43,0,12
0600000US0900575730,0900575730,"Thomaston town, Litchfield County, Connecticut",1515,160,304,90,257,86,169,69,56,46,8,13,24,37,47,40,18,23,18,23,0,17,29,31,29,31,0,17,1211,153,857,189,698,175,159,111,0,17,0,17,354,165,149,112,39,35,110,117,205,105,205,105,0,17
0600000US0900576570,0900576570,"Torrington town, Litchfield County, Connecticut",6498,361,2203,315,1312,233,937,206,326,128,49,52,0,25,891,210,244,114,244,114,0,25,647,181,465,162,182,84,4295,312,2726,306,2130,319,513,163,83,65,0,25,1569,251,376,162,336,157,40,33,1193,215,1028,205,165,92
0600000US0900579510,0900579510,"Warren town, Litchfield County, Connecticut",273,48,34,16,34,16,20,13,10,9,4,6,0,12,0,12,0,12,0,12,0,12,0,12,0,12,0,12,239,46,211,45,137,45,70,40,4,5,0,12,28,22,21,22,21,22,0,12,7,6,4,5,3,4
0600000US0900579720,0900579720,"Washington town, Litchfield County, Connecticut",425,123,130,59,114,57,98,53,10,16,6,10,0,12,16,17,0,12,0,12,0,12,16,17,16,17,0,12,295,92,246,90,154,72,66,53,26,30,0,12,49,35,9,16,0,12,9,16,40,31,31,35,9,13
0600000US0900580490,0900580490,"Watertown town, Litchfield County, Connecticut",4514,373,1220,260,965,236,757,205,208,147,0,22,0,22,255,188,36,55,36,55,0,22,219,180,104,71,115,170,3294,347,2600,350,2345,346,175,127,63,82,17,29,694,265,97,111,97,111,0,22,597,264,597,264,0,22
0600000US0900586440,0900586440,"Winchester town, Litchfield County, Connecticut",1672,300,595,210,385,149,209,109,176,156,0,19,0,19,210,166,109,136,109,136,0,19,101,65,66,49,35,42,1077,249,756,227,405,186,240,182,91,78,20,31,321,128,87,78,87,78,0,19,234,122,219,119,15,23
0600000US0900587910,0900587910,"Woodbury town, Litchfield County, Connecticut",2044,198,579,210,543,203,257,125,278,167,8,13,0,17,36,34,18,28,18,28,0,17,18,20,7,11,11,17,1465,196,1186,223,789,210,368,154,29,35,0,17,279,121,49,43,49,43,0,17,230,114,191,97,39,63
0600000US0900700000,0900700000,"County subdivisions not defined, Middlesex County, Connecticut",0,12,0,12,0,12,0,12,0,12,0,12,0,12,0,12,0,12,0,12,0,12,0,12,0,12,0,12,0,12,0,12,0,12,0,12,0,12,0,12,0,12,0,12,0,12,0,12,0,12,0,12,0,12
0600000US0900714300,0900714300,"Chester town, Middlesex County, Connecticut",812,125,173,118,170,115,155,118,15,24,0,12,0,12,3,10,0,12,0,12,0,12,3,10,3,10,0,12,639,95,490,73,439,92,36,53,15,23,0,12,149,87,23,40,23,40,0,12,126,89,119,91,7,11
0600000US0900715350,0900715350,"Clinton town, Middlesex County, Connecticut",2541,256,616,155,472,154,301,113,171,110,0,19,0,19,144,75,88,58,78,55,10,17,56,40,39,32,17,19,1925,226,1417,256,981,177,411,228,18,26,7,11,508,150,185,92,169,93,16,19,323,110,270,108,53,42
0600000US0900718080,0900718080,"Cromwell town, Middlesex County, Connecticut",2614,250,762,212,662,221,569,217,82,65,0,19,11,17,100,75,13,23,13,23,0,19,87,72,56,59,31,47,1852,276,1466,290,1276,327,190,125,0,19,0,19,386,208,228,181,228,181,0,19,158,107,97,85,61,67
0600000US0900719130,0900719130,"Deep River town, Middlesex County, Connecticut",954,98,289,109,184,71,152,63,0,12,32,40,0,12,105,95,10,15,10,15,0,12,95,93,65,83,30,39,665,71,518,94,465,96,22,24,31,32,0,12,147,67,19,29,19,29,0,12,128,61,128,61,0,12
0600000US0900720810,0900720810,"Durham town, Middlesex County, Connecticut",1516,205,381,161,310,160,244,144,66,61,0,17,0,17,71,57,8,14,8,14,0,17,63,55,48,52,15,25,1135,193,849,188,646,168,203,132,0,17,0,17,286,144,92,93,92,93,0,17,194,122,194,122,0,17
0600000US0900722280,0900722280,"East Haddam town, Middlesex County, Connecticut",1911,167,672,167,515,143,396,140,102,65,17,29,0,17,157,109,54,68,54,68,0,17,103,86,65,57,38,65,1239,182,1049,190,620,146,349,177,80,99,0,17,190,135,33,38,33,38,0,17,157,129,150,129,7,11
0600000US0900722490,0900722490,"East Hampton town, Middlesex County, Connecticut",2735,217,732,179,681,175,496,148,185,122,0,19,0,19,51,42,16,18,16,18,0,19,35,39,0,19,35,39,2003,257,1588,239,1235,239,329,192,24,32,0,19,415,230,42,39,42,39,0,19,373,226,277,210,96,98
0600000US0900726270,0900726270,"Essex town, Middlesex County, Connecticut",1133,138,189,104,171,100,125,76,46,72,0,17,0,17,18,29,0,17,0,17,0,17,18,29,18,29,0,17,944,163,676,162,510,151,148,135,18,30,0,17,268,159,116,127,116,127,0,17,152,100,152,100,0,17
0600000US0900735230,0900735230,"Haddam town, Middlesex County, Connecticut",1583,183,349,145,214,99,172,96,42,46,0,17,0,17,135,121,56,85,56,85,0,17,79,92,79,92,0,17,1234,224,1050,276,801,267,249,193,0,17,0,17,184,136,64,53,64,53,0,17,120,119,120,119,0,17
0600000US0900740710,0900740710,"Killingworth town, Middlesex County, Connecticut",1336,115,231,105,199,97,154,84,45,53,0,17,0,17,32,40,18,27,18,27,0,17,14,21,14,21,0,17,1105,131,1029,114,846,158,183,120,0,17,0,17,76,74,0,17,0,17,0,17,76,74,46,56,30,47
0600000US0900747080,0900747080,"Middlefield town, Middlesex County, Connecticut",826,99,279,95,217,90,184,85,33,28,0,12,0,12,62,51,34,40,34,40,0,12,28,33,28,33,0,12,547,104,430,81,388,88,29,25,13,22,0,12,117,85,16,18,16,18,0,12,101,88,101,88,0,12
0600000US0900747360,0900747360,"Middletown town, Middlesex County, Connecticut",8002,475,2882,404,1895,282,1246,221,558,225,72,51,19,33,987,313,171,151,82,75,89,128,816,273,805,274,11,11,5120,378,3021,404,2460,358,438,181,79,58,44,66,2099,336,434,181,434,181,0,25,1665,330,1515,333,150,111
0600000US0900757320,0900757320,"Old Saybrook town, Middlesex County, Connecticut",1994,237,488,146,401,138,287,135,104,65,10,17,0,19,87,71,34,52,34,52,0,19,53,48,53,48,0,19,1506,212,1128,218,612,195,444,204,59,76,13,19,378,170,155,106,155,106,0,19,223,135,223,135,0,19
0600000US0900761800,0900761800,"Portland town, Middlesex County, Connecticut",1899,178,345,131,268,131,255,129,13,20,0,17,0,17,77,96,0,17,0,17,0,17,77,96,77,96,0,17,1554,230,1335,282,1155,282,146,125,34,34,0,17,219,141,72,103,72,103,0,17,147,103,137,101,10,19
0600000US0900781680,0900781680,"Westbrook town, Middlesex County, Connecticut",793,180,163,108,163,108,117,89,46,68,0,17,0,17,0,17,0,17,0,17,0,17,0,17,0,17,0,17,630,149,509,138,459,143,50,57,0,17,0,17,121,83,61,71,61,71,0,17,60,52,60,52,0,17
0600000US0900900000,0900900000,"County subdivisions not defined, New Haven County, Connecticut",0,12,0,12,0,12,0,12,0,12,0,12,0,12,0,12,0,12,0,12,0,12,0,12,0,12,0,12,0,12,0,12,0,12,0,12,0,12,0,12,0,12,0,12,0,12,0,12,0,12,0,12,0,12
0600000US0900901220,0900901220,"Ansonia town, New Haven County, Connecticut",4001,474,1258,437,932,414,619,266,313,308,0,19,0,19,326,150,12,18,12,18,0,19,314,151,169,98,145,125,2743,348,1613,300,1238,289,261,135,93,108,21,27,1130,334,201,122,201,122,0,19,929,313,733,274,196,145
0600000US0900903250,0900903250,"Beacon Falls town, New Haven County, Connecticut",1291,131,212,111,114,88,41,52,44,52,29,49,0,17,98,67,15,25,15,25,0,17,83,61,61,54,22,35,1079,138,878,140,758,170,106,101,14,24,0,17,201,138,19,31,19,31,0,17,182,136,182,136,0,17
0600000US0900904580,0900904580,"Bethany town, New Haven County, Connecticut",1259,141,274,146,198,126,174,126,24,24,0,17,0,17,76,63,0,17,0,17,0,17,76,63,76,63,0,17,985,158,753,147,464,128,289,176,0,17,0,17,232,112,61,60,61,60,0,17,171,94,163,92,8,13
0600000US0900907310,0900907310,"Branford town, New Haven County, Connecticut",4617,437,1321,265,934,231,703,228,222,117,9,15,0,22,387,172,83,89,83,89,0,22,304,151,256,126,48,65,3296,360,2232,311,1706,314,491,205,14,24,21,32,1064,347,295,166,246,139,49,77,769,286,698,270,71,65
0600000US0900914160,0900914160,"Cheshire town, New Haven County, Connecticut",5850,323,1348,242,1158,207,745,187,379,159,34,42,0,22,190,132,0,22,0,22,0,22,190,132,140,104,50,78,4502,291,3859,334,3159,392,610,269,90,70,0,22,643,193,200,104,200,104,0,22,443,185,425,188,18,28
0600000US0900919550,0900919550,"Derby town, New Haven County, Connecticut",2707,460,942,315,388,229,267,205,79,114,42,67,0,19,554,264,16,25,16,25,0,19,538,264,306,194,232,208,1765,331,1065,317,795,318,182,216,88,119,0,19,700,209,143,117,143,117,0,19,557,190,376,169,181,165
0600000US0900922910,0900922910,"East Haven town, New Haven County, Connecticut",5366,444,1365,322,827,258,654,243,104,64,0,22,69,92,538,180,162,99,162,99,0,22,376,142,254,121,122,99,4001,433,2525,447,1715,381,764,388,10,15,36,45,1476,425,259,167,172,114,87,138,1217,403,822,305,395,263
0600000US0900934950,0900934950,"Guilford town, New Haven County, Connecticut",4701,279,1019,230,859,216,535,176,307,139,17,25,0,22,160,98,92,80,50,52,42,65,68,42,46,35,22,24,3682,312,2942,326,2076,360,772,230,83,68,11,22,740,181,230,114,187,115,43,35,510,143,458,143,52,40
0600000US0900935650,0900935650,"Hamden town, New Haven County, Connecticut",10579,509,3517,472,2602,436,1792,326,725,224,11,17,74,84,915,257,91,61,91,61,0,28,824,244,793,244,31,31,7062,511,5032,530,4155,535,742,216,135,96,0,28,2030,415,146,82,126,73,20,34,1884,418,1841,419,43,37
0600000US0900944560,0900944560,"Madison town, New Haven County, Connecticut",4710,365,950,234,907,231,630,239,277,157,0,19,0,19,43,38,15,17,15,17,0,19,28,33,28,33,0,19,3760,358,3321,376,2019,317,1285,375,0,19,17,28,439,207,187,144,162,140,25,39,252,117,220,109,32,51
0600000US0900946520,0900946520,"Meriden town, New Haven County, Connecticut",10870,607,4092,449,2344,375,1413,348,729,322,148,107,54,56,1748,353,315,175,315,175,0,28,1433,343,985,289,448,200,6778,581,3612,453,2459,363,522,237,463,199,168,112,3166,513,535,166,453,162,82,62,2631,485,2048,468,583,219
0600000US0900946940,0900946940,"Middlebury town, New Haven County, Connecticut",1651,125,356,109,342,107,232,94,110,51,0,17,0,17,14,19,0,17,0,17,0,17,14,19,14,19,0,17,1295,141,1194,137,828,145,344,136,22,24,0,17,101,57,13,22,13,22,0,17,88,53,88,53,0,17
0600000US0900947535,0900947535,"Milford town, New Haven County, Connecticut",9594,452,2924,402,2288,363,1529,267,624,225,102,80,33,37,636,228,95,72,65,54,30,46,541,231,389,162,152,148,6670,423,5031,428,3676,419,1164,280,137,79,54,51,1639,303,370,181,309,166,61,64,1269,288,1100,271,169,107
0600000US0900949950,0900949950,"Naugatuck town, New Haven County, Connecticut",6828,513,2713,491,1513,255,1027,256,421,206,0,25,65,89,1200,501,694,387,681,389,13,21,506,296,435,293,71,73,4115,493,3090,398,2228,407,656,290,59,65,147,110,1025,268,264,122,223,122,41,42,761,248,616,211,145,98
0600000US0900952070,0900952070,"New Haven town, New Haven County, Connecticut",26909,1013,9205,628,4465,502,3042,463,1078,271,240,112,105,66,4740,675,786,229,649,207,137,144,3954,648,3017,523,937,301,17704,896,6948,777,4289,495,1505,459,583,281,571,189,10756,796,1193,371,1065,362,128,87,9563,774,7801,674,1762,438
0600000US0900953890,0900953890,"North Branford town, New Haven County, Connecticut",2622,250,584,188,475,161,344,147,119,100,12,21,0,19,109,105,0,19,0,19,0,19,109,105,56,65,53,76,2038,287,1628,267,1445,276,150,136,33,39,0,19,410,195,147,127,147,127,0,19,263,159,263,159,0,19
0600000US0900954870,0900954870,"North Haven town, New Haven County, Connecticut",4697,321,1448,259,1250,245,1020,238,219,109,11,21,0,22,198,90,46,43,39,42,7,11,152,87,152,87,0,22,3249,321,2686,302,1941,344,628,231,117,86,0,22,563,183,156,97,141,93,15,25,407,154,343,148,64,77
0600000US0900957600,0900957600,"Orange town, New Haven County, Connecticut",2970,178,841,146,790,147,586,144,197,119,7,11,0,19,51,34,9,15,9,15,0,19,42,37,42,37,0,19,2129,199,1910,211,1420,227,393,135,97,74,0,19,219,93,22,29,22,29,0,19,197,90,151,74,46,54
0600000US0900958300,0900958300,"Oxford town, New Haven County, Connecticut",3173,173,865,209,734,176,512,191,167,109,55,86,0,19,131,99,86,76,86,76,0,19,45,67,45,67,0,19,2308,213,1800,227,1448,235,311,176,41,38,0,19,508,251,68,84,68,84,0,19,440,230,385,234,55,78
0600000US0900962290,0900962290,"Prospect town, New Haven County, Connecticut",1866,208,415,163,327,147,323,147,4,9,0,17,0,17,88,62,0,17,0,17,0,17,88,62,57,45,31,44,1451,216,1237,213,1110,236,99,73,28,36,0,17,214,145,65,80,65,80,0,17,149,119,149,119,0,17
0600000US0900967610,0900967610,"Seymour town, New Haven County, Connecticut",3683,236,995,271,644,240,399,178,245,160,0,19,0,19,351,194,70,78,70,78,0,19,281,180,253,176,28,43,2688,305,2063,330,1652,338,276,138,135,172,0,19,625,226,314,189,314,189,0,19,311,147,254,140,57,52
0600000US0900969640,0900969640,"Southbury town, New Haven County, Connecticut",4151,315,1179,309,832,223,472,157,360,195,0,19,0,19,347,231,240,230,85,68,155,225,107,68,103,68,4,7,2972,291,2282,320,1749,325,533,187,0,19,0,19,690,226,236,124,205,115,31,41,454,200,331,152,123,150
0600000US0900978740,0900978740,"Wallingford town, New Haven County, Connecticut",7631,518,2086,342,1703,342,1334,338,247,158,52,56,70,73,383,128,37,34,37,34,0,25,346,124,300,121,46,28,5545,492,4299,399,3356,409,812,210,114,87,17,26,1246,356,189,125,181,126,8,12,1057,334,909,295,148,112
0600000US0900980070,0900980070,"Waterbury town, New Haven County, Connecticut",26403,1094,9099,669,3825,515,2210,350,1384,323,160,91,71,87,5274,581,874,296,613,251,261,154,4400,529,2860,374,1540,370,17304,901,7281,795,4671,679,1779,429,559,251,272,194,10023,677,1253,326,977,310,276,158,8770,725,6399,662,2371,526
0600000US0900982870,0900982870,"West Haven town, New Haven County, Connecticut",10683,645,3304,479,1851,371,1370,328,390,192,33,38,58,93,1453,370,289,192,289,192,0,28,1164,309,997,301,167,88,7379,555,4032,659,3178,637,573,247,159,132,122,159,3347,531,443,202,396,195,47,43,2904,517,2668,462,236,150
0600000US0900987560,0900987560,"Wolcott town, New Haven County, Connecticut",3356,237,761,232,697,223,471,203,204,185,22,35,0,19,64,47,20,22,8,13,12,18,44,44,35,40,9,15,2595,221,1888,241,1579,266,267,189,42,70,0,19,707,259,139,108,139,108,0,19,568,241,558,240,10,15
0600000US0900987700,0900987700,"Woodbridge town, New Haven County, Connecticut",2137,205,544,196,380,161,285,160,61,48,11,16,23,35,164,151,118,142,118,142,0,17,46,50,10,16,36,47,1593,209,1360,204,972,225,306,134,62,84,20,20,233,138,62,60,62,60,0,17,171,114,159,113,12,20
0600000US0901100000,0901100000,"County subdivisions not defined, New London County, Connecticut",0,12,0,12,0,12,0,12,0,12,0,12,0,12,0,12,0,12,0,12,0,12,0,12,0,12,0,12,0,12,0,12,0,12,0,12,0,12,0,12,0,12,0,12,0,12,0,12,0,12,0,12,0,12
0600000US0901106820,0901106820,"Bozrah town, New London County, Connecticut",424,73,124,44,92,38,64,29,28,25,0,12,0,12,32,21,19,16,19,16,0,12,13,12,13,12,0,12,300,56,212,57,140,44,72,43,0,12,0,12,88,43,58,35,58,35,0,12,30,24,30,24,0,12
0600000US0901115910,0901115910,"Colchester town, New London County, Connecticut",3701,266,938,192,881,191,673,192,208,105,0,19,0,19,57,48,27,34,27,34,0,19,30,35,20,30,10,15,2763,317,2013,289,1547,224,416,199,50,63,0,19,750,223,169,113,111,69,58,89,581,188,569,188,12,18
0600000US0901123400,0901123400,"East Lyme town, New London County, Connecticut",3317,222,757,153,627,136,487,122,135,73,5,7,0,19,130,71,25,38,25,38,0,19,105,61,95,59,10,14,2560,203,1814,270,1340,253,366,140,86,60,22,36,746,197,219,94,219,94,0,19,527,180,479,176,48,45
0600000US0901129910,0901129910,"Franklin town, New London County, Connecticut",330,44,101,32,92,32,80,36,12,11,0,12,0,12,9,8,0,12,0,12,0,12,9,8,4,5,5,6,229,50,202,50,156,41,46,47,0,12,0,12,27,15,4,6,4,6,0,12,23,13,17,12,6,6
0600000US0901133900,0901133900,"Griswold town, New London County, Connecticut",2724,358,1011,371,578,261,318,177,260,238,0,19,0,19,433,241,254,232,226,231,28,45,179,130,110,100,69,68,1713,274,1046,240,840,228,80,56,80,86,46,49,667,268,219,150,144,102,75,108,448,217,393,194,55,84
0600000US0901134250,0901134250,"Groton town, New London County, Connecticut",7497,419,3148,374,2115,259,1286,224,725,229,92,63,12,19,1033,274,118,86,118,86,0,25,915,275,687,261,228,118,4349,372,2925,357,1913,353,847,200,161,107,4,6,1424,268,275,111,275,111,0,25,1149,264,1029,237,120,89
0600000US0901142390,0901142390,"Lebanon town, New London County, Connecticut",1398,160,281,135,249,133,181,116,68,77,0,17,0,17,32,40,0,17,0,17,0,17,32,40,32,40,0,17,1117,183,921,184,772,182,149,133,0,17,0,17,196,130,0,17,0,17,0,17,196,130,162,118,34,57
0600000US0901142600,0901142600,"Ledyard town, New London County, Connecticut",3193,287,997,215,596,200,356,138,221,157,17,29,2,5,401,190,175,128,175,128,0,19,226,127,200,133,26,32,2196,297,1483,272,1212,259,220,119,51,67,0,19,713,229,129,92,129,92,0,19,584,234,475,207,109,119
0600000US0901143230,0901143230,"Lisbon town, New London County, Connecticut",820,121,269,103,254,101,190,86,64,53,0,12,0,12,15,17,8,13,8,13,0,12,7,12,7,12,0,12,551,107,399,124,337,118,50,38,12,19,0,12,152,72,19,21,7,12,12,17,133,72,133,72,0,12
0600000US0901144210,0901144210,"Lyme town, New London County, Connecticut",384,68,95,53,92,53,53,33,28,45,11,17,0,12,3,5,3,5,3,5,0,12,0,12,0,12,0,12,289,63,213,59,152,50,61,38,0,12,0,12,76,45,55,35,47,34,8,14,21,24,21,24,0,12
0600000US0901148900,0901148900,"Montville town, New London County, Connecticut",3380,299,940,231,511,147,448,149,31,27,32,35,0,19,429,187,81,63,54,51,27,39,348,185,346,186,2,8,2440,257,1342,227,984,235,317,123,19,32,22,30,1098,322,189,113,162,108,27,39,909,296,720,250,189,173
0600000US0901152350,0901152350,"New London town, New London County, Connecticut",5111,462,1521,211,424,137,292,118,132,77,0,22,0,22,1097,220,180,86,175,89,5,8,917,212,795,203,122,86,3590,397,1473,318,871,262,430,173,128,105,44,41,2117,390,252,154,252,154,0,22,1865,396,1622,401,243,143
0600000US0901155500,0901155500,"North Stonington town, New London County, Connecticut",1098,215,258,145,195,142,41,47,154,133,0,17,0,17,63,50,17,25,17,25,0,17,46,43,35,38,11,18,840,139,710,159,451,174,259,181,0,17,0,17,130,83,42,66,42,66,0,17,88,54,78,52,10,17
0600000US0901156270,0901156270,"Norwich town, New London County, Connecticut",8553,457,2864,405,1259,379,878,257,381,277,0,25,0,25,1605,342,422,166,373,152,49,72,1183,326,970,254,213,180,5689,478,2333,424,1644,349,559,220,117,114,13,29,3356,515,558,237,503,222,55,81,2798,532,2555,514,243,158
0600000US0901157040,0901157040,"Old Lyme town, New London County, Connecticut",1455,175,158,65,149,65,102,56,47,37,0,17,0,17,9,14,0,17,0,17,0,17,9,14,0,17,9,14,1297,180,973,156,764,152,203,82,6,9,0,17,324,138,109,71,104,71,5,8,215,138,206,142,9,13
0600000US0901162150,0901162150,"Preston town, New London County, Connecticut",872,96,322,107,183,89,93,68,79,59,11,17,0,12,139,96,8,15,8,15,0,12,131,95,56,55,75,79,550,81,413,107,194,82,174,118,40,44,5,10,137,73,26,40,26,40,0,12,111,74,87,65,24,41
0600000US0901166210,0901166210,"Salem town, New London County, Connecticut",1048,146,367,177,331,181,143,75,188,176,0,12,0,12,36,36,36,36,36,36,0,12,0,12,0,12,0,12,681,106,550,111,448,118,102,63,0,12,0,12,131,70,47,35,47,35,0,12,84,64,57,52,27,43
0600000US0901171670,0901171670,"Sprague town, New London County, Connecticut",552,75,160,56,120,58,81,44,39,42,0,12,0,12,40,29,13,16,13,16,0,12,27,25,13,20,14,15,392,78,220,62,197,57,21,20,2,4,0,12,172,89,91,63,91,63,0,12,81,66,29,38,52,52
0600000US0901173770,0901173770,"Stonington town, New London County, Connecticut",3263,216,737,154,549,127,341,90,208,100,0,19,0,19,188,107,42,51,42,51,0,19,146,94,64,37,82,79,2526,219,1670,214,1186,193,423,136,61,56,0,19,856,206,231,97,206,102,25,39,625,203,490,184,135,90
0600000US0901178600,0901178600,"Voluntown town, New London County, Connecticut",481,80,143,50,103,56,52,31,51,48,0,12,0,12,40,31,17,15,17,15,0,12,23,28,19,26,4,8,338,58,267,80,112,51,155,78,0,12,0,12,71,45,32,19,32,19,0,12,39,40,39,40,0,12
0600000US0901180280,0901180280,"Waterford town, New London County, Connecticut",3470,228,1065,216,832,205,494,152,338,199,0,19,0,19,233,116,101,90,101,90,0,19,132,74,99,70,33,29,2405,234,1687,231,1362,233,281,140,44,40,0,19,718,171,258,121,258,121,0,19,460,131,409,121,51,57
0600000US0901301080,0901301080,"Andover town, Tolland County, Connecticut",598,74,128,52,128,52,86,47,35,30,7,11,0,12,0,12,0,12,0,12,0,12,0,12,0,12,0,12,470,84,402,76,334,81,47,47,21,26,0,12,68,62,27,41,27,41,0,12,41,41,26,38,15,23
0600000US0901306260,0901306260,"Bolton town, Tolland County, Connecticut",1001,79,204,87,142,64,131,62,11,18,0,12,0,12,62,59,8,12,8,12,0,12,54,57,0,12,54,57,797,98,660,90,594,99,27,27,39,43,0,12,137,76,57,47,57,47,0,12,80,54,59,45,21,33
0600000US0901316400,0901316400,"Columbia town, Tolland County, Connecticut",1138,149,272,169,160,130,79,96,81,94,0,17,0,17,112,119,66,97,12,18,54,96,46,69,46,69,0,17,866,163,736,186,298,162,438,213,0,17,0,17,130,93,10,16,10,16,0,17,120,91,120,91,0,17
0600000US0901317800,0901317800,"Coventry town, Tolland County, Connecticut",2495,239,745,159,646,167,484,157,162,121,0,19,0,19,99,67,34,39,34,39,0,19,65,53,65,53,0,19,1750,235,1171,223,1122,225,49,50,0,19,0,19,579,206,166,106,166,106,0,19,413,180,413,180,0,19
0600000US0901325360,0901325360,"Ellington town, Tolland County, Connecticut",3795,275,1067,340,950,333,509,228,441,293,0,19,0,19,117,77,24,39,24,39,0,19,93,71,71,66,22,33,2728,348,2163,362,1671,381,492,312,0,19,0,19,565,225,112,79,99,79,13,23,453,229,356,199,97,108
0600000US0901337910,0901337910,"Hebron town, Tolland County, Connecticut",2228,149,394,144,370,142,299,131,49,42,22,33,0,17,24,38,0,17,0,17,0,17,24,38,0,17,24,38,1834,187,1508,189,1047,224,420,184,41,45,0,17,326,133,29,27,29,27,0,17,297,129,297,129,0,17
0600000US0901344910,0901344910,"Mansfield town, Tolland County, Connecticut",2075,272,577,130,502,121,227,105,212,86,15,22,48,54,75,55,0,22,0,22,0,22,75,55,75,55,0,22,1498,254,1097,217,619,178,440,186,0,22,38,59,401,154,134,93,134,93,0,22,267,124,267,124,0,22
0600000US0901369220,0901369220,"Somers town, Tolland County, Connecticut",1910,149,362,110,250,80,176,64,69,45,5,8,0,19,112,75,37,44,37,44,0,19,75,65,75,65,0,19,1548,190,1215,175,855,148,307,113,53,47,0,19,333,156,28,41,28,41,0,19,305,151,291,148,14,18
0600000US0901372090,0901372090,"Stafford town, Tolland County, Connecticut",2489,222,739,151,474,127,296,101,155,98,23,27,0,19,265,114,83,66,63,58,20,27,182,101,146,91,36,44,1750,200,1136,222,846,191,188,147,102,89,0,19,614,207,104,71,95,68,9,15,510,191,510,191,0,19
0600000US0901376290,0901376290,"Tolland town, Tolland County, Connecticut",3706,203,707,213,603,205,456,189,147,77,0,19,0,19,104,82,44,53,44,53,0,19,60,70,60,70,0,19,2999,262,2509,260,2036,285,452,165,21,34,0,19,490,283,273,242,273,242,0,19,217,129,217,129,0,19
0600000US0901377830,0901377830,"Union town, Tolland County, Connecticut",176,65,34,19,25,16,19,15,6,7,0,12,0,12,9,10,0,12,0,12,0,12,9,10,9,10,0,12,142,60,123,54,91,45,13,12,19,30,0,12,19,22,5,8,5,8,0,12,14,19,14,19,0,12
0600000US0901378250,0901378250,"Vernon town, Tolland County, Connecticut",4892,355,2087,340,1184,225,898,217,215,97,71,79,0,22,903,272,84,90,84,90,0,22,819,247,618,235,201,170,2805,334,1789,301,1479,281,253,149,57,68,0,22,1016,268,165,103,165,103,0,22,851,284,714,258,137,104
0600000US0901385950,0901385950,"Willington town, Tolland County, Connecticut",830,282,274,120,143,86,62,53,81,73,0,17,0,17,131,102,36,55,36,55,0,17,95,82,66,73,29,44,556,215,305,185,156,117,149,178,0,17,0,17,251,168,64,69,64,69,0,17,187,154,114,127,73,89
0600000US0901501430,0901501430,"Ashford town, Windham County, Connecticut",784,115,209,86,137,74,110,69,0,12,18,29,9,14,72,52,10,17,10,17,0,12,62,49,41,46,21,20,575,95,466,110,406,101,39,38,13,20,8,12,109,71,39,58,39,58,0,12,70,52,59,47,11,19
0600000US0901509190,0901509190,"Brooklyn town, Windham County, Connecticut",1766,246,650,246,485,187,312,189,173,193,0,17,0,17,165,200,11,19,11,19,0,17,154,199,18,31,136,199,1116,261,845,281,791,282,54,72,0,17,0,17,271,167,79,93,79,93,0,17,192,149,116,91,76,116
0600000US0901512130,0901512130,"Canterbury town, Windham County, Connecticut",1180,122,237,85,172,85,163,84,9,16,0,17,0,17,65,45,0,17,0,17,0,17,65,45,65,45,0,17,943,122,617,121,545,137,50,56,22,37,0,17,326,131,131,100,131,100,0,17,195,97,188,98,7,12
0600000US0901513810,0901513810,"Chaplin town, Windham County, Connecticut",470,91,158,71,152,71,99,63,50,51,3,6,0,12,6,9,0,12,0,12,0,12,6,9,6,9,0,12,312,78,183,43,106,44,37,28,36,42,4,6,129,90,16,15,16,15,0,12,113,89,113,89,0,12
0600000US0901521860,0901521860,"Eastford town, Windham County, Connecticut",296,54,89,36,68,33,53,29,8,9,0,12,7,9,21,14,8,14,8,14,0,12,13,11,13,11,0,12,207,60,167,61,145,62,9,12,0,12,13,16,40,21,6,9,6,9,0,12,34,21,23,17,11,14
0600000US0901536000,0901536000,"Hampton town, Windham County, Connecticut",310,77,101,33,76,29,50,24,24,18,2,4,0,12,25,18,0,12,0,12,0,12,25,18,25,18,0,12,209,65,164,66,146,64,14,10,4,7,0,12,45,24,23,17,19,17,4,5,22,18,22,18,0,12
0600000US0901540500,0901540500,"Killingly town, Windham County, Connecticut",3549,226,1291,225,807,201,637,188,170,88,0,19,0,19,484,188,53,52,53,52,0,19,431,182,382,171,49,55,2258,265,1422,284,1185,262,225,121,12,16,0,19,836,263,130,92,130,92,0,19,706,255,680,250,26,32
0600000US0901559980,0901559980,"Plainfield town, Windham County, Connecticut",2782,322,708,171,453,136,287,116,61,53,105,99,0,19,255,119,51,62,23,39,28,48,204,109,178,106,26,36,2074,280,1466,268,1197,259,181,117,88,105,0,19,608,249,138,137,138,137,0,19,470,212,401,207,69,56
0600000US0901561030,0901561030,"Pomfret town, Windham County, Connecticut",852,113,76,48,55,44,55,44,0,12,0,12,0,12,21,23,12,19,12,19,0,12,9,14,9,14,0,12,776,113,707,120,501,120,145,114,61,65,0,12,69,54,41,45,41,45,0,12,28,30,28,30,0,12
0600000US0901562710,0901562710,"Putnam town, Windham County, Connecticut",1851,302,612,189,375,180,213,102,162,160,0,17,0,17,237,132,37,51,37,51,0,17,200,129,200,129,0,17,1239,245,429,152,258,123,109,81,62,43,0,17,810,259,348,212,306,214,42,66,462,223,462,223,0,17
0600000US0901567400,0901567400,"Scotland town, Windham County, Connecticut",323,59,86,34,68,32,68,32,0,12,0,12,0,12,18,13,0,12,0,12,0,12,18,13,18,13,0,12,237,46,189,53,161,49,28,21,0,12,0,12,48,23,0,12,0,12,0,12,48,23,48,23,0,12
0600000US0901573420,0901573420,"Sterling town, Windham County, Connecticut",882,152,261,108,169,106,133,88,27,43,9,16,0,12,92,62,30,40,30,40,0,12,62,53,62,53,0,12,621,98,379,127,225,94,131,99,23,27,0,12,242,131,74,77,74,77,0,12,168,106,143,103,25,38
0600000US0901575870,0901575870,"Thompson town, Windham County, Connecticut",1722,195,593,157,317,127,228,115,78,58,0,17,11,18,276,155,55,59,55,59,0,17,221,154,221,154,0,17,1129,183,883,152,790,161,75,50,18,23,0,17,246,116,87,74,87,74,0,17,159,86,138,87,21,33
0600000US0901586790,0901586790,"Windham town, Windham County, Connecticut",4562,368,1641,241,464,161,353,129,93,93,11,19,7,11,1177,219,276,131,276,131,0,22,901,198,714,196,187,136,2921,349,1239,295,805,274,100,75,18,20,316,219,1682,321,334,140,334,140,0,22,1348,308,1031,249,317,189
0600000US0901588190,0901588190,"Woodstock town, Windham County, Connecticut",1516,220,312,107,183,69,138,69,29,32,0,17,16,26,129,105,0,17,0,17,0,17,129,105,77,74,52,78,1204,225,1060,220,840,214,194,116,26,42,0,17,144,96,38,59,38,59,0,17,106,76,87,78,19,30
